FirstVariable,SecondVariable,Type,MI,Pearson,Spearman,Kendall,DataSourceType
ID,DemHomeOwner,IN,0.010352964619593025,,,,BASE
ID,LostCustomer,IN,0.03777502878133185,,,,BASE
ID,regionPctCustomers,II,0.03366732975704435,0.0036230675210127245,-0.004812908959297419,-0.0034686278088967354,BASE
ID,numOfTotalReturns,IN,0.0874417328801523,,,,BASE
ID,wksSinceLastPurch,II,0.0724799839209482,0.007427775152223639,0.040330229354808476,0.027885943359053495,BASE
ID,customerGender,IN,0.0028372229911097727,,,,BASE
ID,basktPurchCount12Month,IN,0.05985573246619159,,,,BASE
ID,intAdExposureCount12,II,0.16213291900728216,-0.3765521620019313,-0.38829779927360575,-0.28577161839139037,BASE
ID,intAdExposureCount36,II,0.14432281155054305,-0.3217568451218138,-0.3131855726154448,-0.22174095273584216,BASE
ID,intAdExposureCountAll,II,0.12590662268762556,-0.3276224488024643,-0.36371069621515467,-0.2522947270673115,BASE
ID,customerSubscrStat,IN,0.10585080147188856,,,,BASE
ID,socialMediaAdCount12,IN,0.11276722178081282,,,,BASE
ID,socialMediaAdCount36,II,0.10279125129503917,-0.10005943368394288,-0.17071475949026518,-0.1261249468461501,BASE
ID,socialMediaAdCountAll,II,0.09349663054193494,-0.25953453991398445,-0.28741538424455715,-0.19948971131490054,BASE
ID,totalNumProdPurchased,II,0.050504624026170605,-0.1655022976824795,-0.26471759202223694,-0.18297347944596087,BASE
ID,custInitiatedContacts,IN,0.05682441336815724,,,,BASE
ID,techSupportEval,IN,0.07261032643604018,,,,BASE
ID,wksSinceFirstPurch,II,0.05900315613639506,-0.19032365053038192,-0.21706453960374172,-0.1453042729829356,BASE
DemHomeOwner,LostCustomer,NN,0.0004659560130732641,,,,BASE
DemHomeOwner,regionPctCustomers,NI,0.003928717974277819,,,,BASE
DemHomeOwner,numOfTotalReturns,NN,0.0009248256284381909,,,,BASE
DemHomeOwner,wksSinceLastPurch,NI,0.0009006431486183994,,,,BASE
DemHomeOwner,customerGender,NN,0.014634995073889594,,,,BASE
DemHomeOwner,basktPurchCount12Month,NN,0.0021842821644297524,,,,BASE
DemHomeOwner,intAdExposureCount12,NI,0.016860186627477135,,,,BASE
DemHomeOwner,intAdExposureCount36,NI,0.007764377866815314,,,,BASE
DemHomeOwner,intAdExposureCountAll,NI,0.004353582154635757,,,,BASE
DemHomeOwner,customerSubscrStat,NN,0.018974760647932274,,,,BASE
DemHomeOwner,socialMediaAdCount12,NN,0.01855620858593357,,,,BASE
DemHomeOwner,socialMediaAdCount36,NI,0.003349290473434659,,,,BASE
DemHomeOwner,socialMediaAdCountAll,NI,0.004309080901378375,,,,BASE
DemHomeOwner,totalNumProdPurchased,NI,0.0032704755337523753,,,,BASE
DemHomeOwner,custInitiatedContacts,NN,0.0011079029233110721,,,,BASE
DemHomeOwner,techSupportEval,NN,0.0012814134287026779,,,,BASE
DemHomeOwner,wksSinceFirstPurch,NI,0.001290028411066087,,,,BASE
LostCustomer,regionPctCustomers,NI,0.0010003612659350944,,,,BASE
LostCustomer,numOfTotalReturns,NN,0.022142523614079937,,,,BASE
LostCustomer,wksSinceLastPurch,NI,0.004238564606866297,,,,BASE
LostCustomer,customerGender,NN,0.00034276040299035127,,,,BASE
LostCustomer,basktPurchCount12Month,NN,0.019884869198044313,,,,BASE
LostCustomer,intAdExposureCount12,NI,0.002994270193144215,,,,BASE
LostCustomer,intAdExposureCount36,NI,0.005312972230963203,,,,BASE
LostCustomer,intAdExposureCountAll,NI,0.0010216884759026849,,,,BASE
LostCustomer,customerSubscrStat,NN,0.0007326566621554979,,,,BASE
LostCustomer,socialMediaAdCount12,NN,0.004107811132472776,,,,BASE
LostCustomer,socialMediaAdCount36,NI,0.013587028317907831,,,,BASE
LostCustomer,socialMediaAdCountAll,NI,0.003475791052290571,,,,BASE
LostCustomer,totalNumProdPurchased,NI,0.005670950150855624,,,,BASE
LostCustomer,custInitiatedContacts,NN,0.005291184591987796,,,,BASE
LostCustomer,techSupportEval,NN,0.018939562284721587,,,,BASE
LostCustomer,wksSinceFirstPurch,NI,0.0017431431024940518,,,,BASE
regionPctCustomers,numOfTotalReturns,IN,0.009154792645148357,,,,BASE
regionPctCustomers,wksSinceLastPurch,II,0.006897520209021413,0.05414668595593636,0.026203076784551086,0.018629324609167726,BASE
regionPctCustomers,customerGender,IN,0.0012732251422654327,,,,BASE
regionPctCustomers,basktPurchCount12Month,IN,0.005931460824191868,,,,BASE
regionPctCustomers,intAdExposureCount12,II,0.012192673440499907,-0.061121938405148145,0.020199083282135953,0.015173813590779772,BASE
regionPctCustomers,intAdExposureCount36,II,0.011867358165678302,0.012200858158994406,0.05332031426547026,0.03779521620714478,BASE
regionPctCustomers,intAdExposureCountAll,II,0.00847927445919793,0.01739561425995624,0.047217355541603355,0.03295152210976932,BASE
regionPctCustomers,customerSubscrStat,IN,0.004544706977273573,,,,BASE
regionPctCustomers,socialMediaAdCount12,IN,0.00956023231938654,,,,BASE
regionPctCustomers,socialMediaAdCount36,II,0.009979984859433279,0.09154196049401363,0.11278172813064372,0.07966118605795874,BASE
regionPctCustomers,socialMediaAdCountAll,II,0.006851396747568834,0.05084619786102396,0.06912424299646533,0.04796424242041195,BASE
regionPctCustomers,totalNumProdPurchased,II,0.009029452950251697,0.04305324582313934,0.07992507204552969,0.05624218020615859,BASE
regionPctCustomers,custInitiatedContacts,IN,0.007327995758012376,,,,BASE
regionPctCustomers,techSupportEval,IN,0.0068520724575402946,,,,BASE
regionPctCustomers,wksSinceFirstPurch,II,0.005324090191552695,0.0509575277044877,0.06533404938060049,0.0446546562040478,BASE
numOfTotalReturns,wksSinceLastPurch,NI,0.04926999956682077,,,,BASE
numOfTotalReturns,customerGender,NN,0.0017919685621647261,,,,BASE
numOfTotalReturns,basktPurchCount12Month,NN,0.31887882955569824,,,,BASE
numOfTotalReturns,intAdExposureCount12,NI,0.045015007618731166,,,,BASE
numOfTotalReturns,intAdExposureCount36,NI,0.05887565018634113,,,,BASE
numOfTotalReturns,intAdExposureCountAll,NI,0.05475615102571681,,,,BASE
numOfTotalReturns,customerSubscrStat,NN,0.06809472026830302,,,,BASE
numOfTotalReturns,socialMediaAdCount12,NN,0.06844585261632384,,,,BASE
numOfTotalReturns,socialMediaAdCount36,NI,0.2758906350136385,,,,BASE
numOfTotalReturns,socialMediaAdCountAll,NI,0.06715133938048408,,,,BASE
numOfTotalReturns,totalNumProdPurchased,NI,0.07616403119207357,,,,BASE
numOfTotalReturns,custInitiatedContacts,NN,0.19791622635296194,,,,BASE
numOfTotalReturns,techSupportEval,NN,0.16154111340389143,,,,BASE
numOfTotalReturns,wksSinceFirstPurch,NI,0.035900011127020404,,,,BASE
wksSinceLastPurch,customerGender,IN,0.0029810192523078457,,,,BASE
wksSinceLastPurch,basktPurchCount12Month,IN,0.032361646593965364,,,,BASE
wksSinceLastPurch,intAdExposureCount12,II,0.13595582270290482,-0.49596830436536055,-0.39186170588974295,-0.3041962725681255,BASE
wksSinceLastPurch,intAdExposureCount36,II,0.07847508821320037,-0.2645117387943561,-0.16359146223647728,-0.11924607393361439,BASE
wksSinceLastPurch,intAdExposureCountAll,II,0.04525057391857993,-0.15340672699165575,-0.042879400396372086,-0.028660599515486,BASE
wksSinceLastPurch,customerSubscrStat,IN,0.039160383844243224,,,,BASE
wksSinceLastPurch,socialMediaAdCount12,IN,0.10435648623396059,,,,BASE
wksSinceLastPurch,socialMediaAdCount36,II,0.04712322017398753,-0.16337831360010924,-0.11681890102343155,-0.08526851035202435,BASE
wksSinceLastPurch,socialMediaAdCountAll,II,0.030589641227775726,-0.07571418786514389,0.0010241175316038592,0.0008879582359279715,BASE
wksSinceLastPurch,totalNumProdPurchased,II,0.01853432500203452,-0.14054481971667165,-0.08828156425484003,-0.06366007323975958,BASE
wksSinceLastPurch,custInitiatedContacts,IN,0.010394037245612373,,,,BASE
wksSinceLastPurch,techSupportEval,IN,0.01899593167849114,,,,BASE
wksSinceLastPurch,wksSinceFirstPurch,II,0.02049932113482564,0.00884359833844495,0.06959228764548134,0.05246290549923978,BASE
customerGender,basktPurchCount12Month,NN,0.0006994515028958118,,,,BASE
customerGender,intAdExposureCount12,NI,0.005081548218328888,,,,BASE
customerGender,intAdExposureCount36,NI,0.004765511773508076,,,,BASE
customerGender,intAdExposureCountAll,NI,0.0029651379911225057,,,,BASE
customerGender,customerSubscrStat,NN,0.005901391556974837,,,,BASE
customerGender,socialMediaAdCount12,NN,0.006227361212616122,,,,BASE
customerGender,socialMediaAdCount36,NI,0.0014077037691190462,,,,BASE
customerGender,socialMediaAdCountAll,NI,0.002596435862707302,,,,BASE
customerGender,totalNumProdPurchased,NI,0.002423396829334319,,,,BASE
customerGender,custInitiatedContacts,NN,0.0012091541389942396,,,,BASE
customerGender,techSupportEval,NN,0.0025853946069275624,,,,BASE
customerGender,wksSinceFirstPurch,NI,0.0018866793593097506,,,,BASE
basktPurchCount12Month,intAdExposureCount12,NI,0.10118816137299814,,,,BASE
basktPurchCount12Month,intAdExposureCount36,NI,0.11421528437427642,,,,BASE
basktPurchCount12Month,intAdExposureCountAll,NI,0.09939419756449827,,,,BASE
basktPurchCount12Month,customerSubscrStat,NN,0.12375307127486523,,,,BASE
basktPurchCount12Month,socialMediaAdCount12,NN,0.11756795724229219,,,,BASE
basktPurchCount12Month,socialMediaAdCount36,NI,0.2234370088725251,,,,BASE
basktPurchCount12Month,socialMediaAdCountAll,NI,0.10787017206616221,,,,BASE
basktPurchCount12Month,totalNumProdPurchased,NI,0.11046245523242097,,,,BASE
basktPurchCount12Month,custInitiatedContacts,NN,0.14302537509497926,,,,BASE
basktPurchCount12Month,techSupportEval,NN,0.17178875221854406,,,,BASE
basktPurchCount12Month,wksSinceFirstPurch,NI,0.03661979989178673,,,,BASE
intAdExposureCount12,intAdExposureCount36,II,0.3699475638152132,0.7500407620241212,0.7790130905610261,0.6453792881452067,BASE
intAdExposureCount12,intAdExposureCountAll,II,0.16685689266703843,0.6128748524802299,0.5930635332062588,0.4508992098861902,BASE
intAdExposureCount12,customerSubscrStat,IN,0.1478586347553182,,,,BASE
intAdExposureCount12,socialMediaAdCount12,IN,0.41214132514626434,,,,BASE
intAdExposureCount12,socialMediaAdCount36,II,0.16043223425687045,0.3329104140166031,0.4872822348392005,0.3799842819439999,BASE
intAdExposureCount12,socialMediaAdCountAll,II,0.11253723352590335,0.4303884393938872,0.5074115448960136,0.37955484538339795,BASE
intAdExposureCount12,totalNumProdPurchased,II,0.06872865803995543,0.3656616016796559,0.4903069661011167,0.36720681941471917,BASE
intAdExposureCount12,custInitiatedContacts,IN,0.06984687673063261,,,,BASE
intAdExposureCount12,techSupportEval,IN,0.06412188639579393,,,,BASE
intAdExposureCount12,wksSinceFirstPurch,II,0.050691981880105264,0.2492441001100184,0.3433647580689824,0.24331979511219184,BASE
intAdExposureCount36,intAdExposureCountAll,II,0.3171553366927813,0.7925543060478589,0.765726569315974,0.6154643125676021,BASE
intAdExposureCount36,customerSubscrStat,IN,0.3017899152673204,,,,BASE
intAdExposureCount36,socialMediaAdCount12,IN,0.29642858426289714,,,,BASE
intAdExposureCount36,socialMediaAdCount36,II,0.2943629762921545,0.6146470779437097,0.6381133795689425,0.5257620973084921,BASE
intAdExposureCount36,socialMediaAdCountAll,II,0.2885645526956158,0.7364927474425355,0.7396243770105002,0.5888343438743162,BASE
intAdExposureCount36,totalNumProdPurchased,II,0.12520345338288694,0.5537465301052672,0.6954343411578128,0.5365816068559104,BASE
intAdExposureCount36,custInitiatedContacts,IN,0.1373755910328295,,,,BASE
intAdExposureCount36,techSupportEval,IN,0.09405760659210824,,,,BASE
intAdExposureCount36,wksSinceFirstPurch,II,0.163061065856247,0.52253317407772,0.5688441741942872,0.4140867817197147,BASE
intAdExposureCountAll,customerSubscrStat,IN,0.30064192716130655,,,,BASE
intAdExposureCountAll,socialMediaAdCount12,IN,0.1504897251855305,,,,BASE
intAdExposureCountAll,socialMediaAdCount36,II,0.16817026348931852,0.4569233163196066,0.4464692255417619,0.35020262282213804,BASE
intAdExposureCountAll,socialMediaAdCountAll,II,0.6093673697451821,0.9459625767985052,0.9602236766087529,0.8707309149782975,BASE
intAdExposureCountAll,totalNumProdPurchased,II,0.29098890945006806,0.7967742200605541,0.8918083296538014,0.734513271305182,BASE
intAdExposureCountAll,custInitiatedContacts,IN,0.2585648657613145,,,,BASE
intAdExposureCountAll,techSupportEval,IN,0.14133598937125344,,,,BASE
intAdExposureCountAll,wksSinceFirstPurch,II,0.40874381527185716,0.86004332810673,0.9028285001807308,0.7488632119755771,BASE
customerSubscrStat,socialMediaAdCount12,NN,0.21526309363464896,,,,BASE
customerSubscrStat,socialMediaAdCount36,NI,0.14511122436491974,,,,BASE
customerSubscrStat,socialMediaAdCountAll,NI,0.31502020015705967,,,,BASE
customerSubscrStat,totalNumProdPurchased,NI,0.12933542568433704,,,,BASE
customerSubscrStat,custInitiatedContacts,NN,0.19841277929414913,,,,BASE
customerSubscrStat,techSupportEval,NN,0.09860121071386116,,,,BASE
customerSubscrStat,wksSinceFirstPurch,NI,0.23061143936937167,,,,BASE
socialMediaAdCount12,socialMediaAdCount36,NI,0.28753451862268653,,,,BASE
socialMediaAdCount12,socialMediaAdCountAll,NI,0.16361143024954972,,,,BASE
socialMediaAdCount12,totalNumProdPurchased,NI,0.066455645614185,,,,BASE
socialMediaAdCount12,custInitiatedContacts,NN,0.08863320390851388,,,,BASE
socialMediaAdCount12,techSupportEval,NN,0.07082130842007377,,,,BASE
socialMediaAdCount12,wksSinceFirstPurch,NI,0.06638399436229653,,,,BASE
socialMediaAdCount36,socialMediaAdCountAll,II,0.20195709696078012,0.5293407508085065,0.5083754656443954,0.4025672810490314,BASE
socialMediaAdCount36,totalNumProdPurchased,II,0.11175092022191918,0.4965392355007825,0.550181624643448,0.4159271019815805,BASE
socialMediaAdCount36,custInitiatedContacts,IN,0.16921488758368114,,,,BASE
socialMediaAdCount36,techSupportEval,IN,0.14791224669789935,,,,BASE
socialMediaAdCount36,wksSinceFirstPurch,II,0.071124077816409,0.2911755077025956,0.3096490526787555,0.2316291735492305,BASE
socialMediaAdCountAll,totalNumProdPurchased,II,0.309458475089998,0.797702087699774,0.8974532618149754,0.7487302850849028,BASE
socialMediaAdCountAll,custInitiatedContacts,IN,0.2995535343884922,,,,BASE
socialMediaAdCountAll,techSupportEval,IN,0.16288003487648897,,,,BASE
socialMediaAdCountAll,wksSinceFirstPurch,II,0.45329166412383154,0.8987190751795794,0.9230092900644365,0.7836248882621385,BASE
totalNumProdPurchased,custInitiatedContacts,IN,0.3824896440891448,,,,BASE
totalNumProdPurchased,techSupportEval,IN,0.2368474475282305,,,,BASE
totalNumProdPurchased,wksSinceFirstPurch,II,0.2520638314819977,0.7306307138924057,0.8491325721231107,0.6774900097979634,BASE
custInitiatedContacts,techSupportEval,NN,0.3649329608495935,,,,BASE
custInitiatedContacts,wksSinceFirstPurch,NI,0.2498834243172105,,,,BASE
techSupportEval,wksSinceFirstPurch,NI,0.13604770492495558,,,,BASE
ID,DemHomeOwner,IN,0.00987982671082383,,,,COMPARE
ID,LostCustomer,IN,0.039457785087753015,,,,COMPARE
ID,regionPctCustomers,II,0.0403268992846998,-0.018097908867811683,-0.023569952710835985,-0.01559487428763782,COMPARE
ID,numOfTotalReturns,IN,0.09062043104259423,,,,COMPARE
ID,wksSinceLastPurch,II,0.07494859467836072,-0.007315655931036513,0.05840138180265806,0.04205494116242468,COMPARE
ID,customerGender,IN,0.002695995707827346,,,,COMPARE
ID,basktPurchCount12Month,IN,0.061518288857808835,,,,COMPARE
ID,intAdExposureCount12,II,0.1801689310983251,-0.3837337743834039,-0.4036407160547173,-0.3000084403346757,COMPARE
ID,intAdExposureCount36,II,0.15806211394003442,-0.32648077205943443,-0.3315848233041012,-0.23588114623962883,COMPARE
ID,intAdExposureCountAll,II,0.14469078437673957,-0.3375880182001665,-0.37975483045186936,-0.2623523940517339,COMPARE
ID,customerSubscrStat,IN,0.11261480084891416,,,,COMPARE
ID,socialMediaAdCount12,IN,0.11887328535224516,,,,COMPARE
ID,socialMediaAdCount36,II,0.13377502349162892,-0.09941355794812515,-0.1823841744581424,-0.13572703389052615,COMPARE
ID,socialMediaAdCountAll,II,0.10684461407743881,-0.2717994410613521,-0.3015196065425696,-0.20786897941932198,COMPARE
ID,totalNumProdPurchased,II,0.059986048408658316,-0.16917169452750216,-0.2706336956267423,-0.18629696447814903,COMPARE
ID,custInitiatedContacts,IN,0.0648163640054422,,,,COMPARE
ID,techSupportEval,IN,0.07888475667112758,,,,COMPARE
ID,wksSinceFirstPurch,II,0.07830120443869269,-0.195589588782137,-0.220965092581233,-0.14601417053817384,COMPARE
DemHomeOwner,LostCustomer,NN,0.000307640758192893,,,,COMPARE
DemHomeOwner,regionPctCustomers,NI,0.0025803697110529356,,,,COMPARE
DemHomeOwner,numOfTotalReturns,NN,0.0015688990111665782,,,,COMPARE
DemHomeOwner,wksSinceLastPurch,NI,0.0015423534831632264,,,,COMPARE
DemHomeOwner,customerGender,NN,0.01583159103813208,,,,COMPARE
DemHomeOwner,basktPurchCount12Month,NN,0.002646738196076726,,,,COMPARE
DemHomeOwner,intAdExposureCount12,NI,0.018831666992161506,,,,COMPARE
DemHomeOwner,intAdExposureCount36,NI,0.009494326843156908,,,,COMPARE
DemHomeOwner,intAdExposureCountAll,NI,0.004826701497910649,,,,COMPARE
DemHomeOwner,customerSubscrStat,NN,0.019448597197645075,,,,COMPARE
DemHomeOwner,socialMediaAdCount12,NN,0.018579172661460426,,,,COMPARE
DemHomeOwner,socialMediaAdCount36,NI,0.0038892321359200468,,,,COMPARE
DemHomeOwner,socialMediaAdCountAll,NI,0.004780024919244419,,,,COMPARE
DemHomeOwner,totalNumProdPurchased,NI,0.0033292622274415876,,,,COMPARE
DemHomeOwner,custInitiatedContacts,NN,0.0021425594809709,,,,COMPARE
DemHomeOwner,techSupportEval,NN,0.0014022472622038796,,,,COMPARE
DemHomeOwner,wksSinceFirstPurch,NI,0.0010843211819207812,,,,COMPARE
LostCustomer,regionPctCustomers,NI,0.0010666799006264342,,,,COMPARE
LostCustomer,numOfTotalReturns,NN,0.019847330975696482,,,,COMPARE
LostCustomer,wksSinceLastPurch,NI,0.0027027495274725083,,,,COMPARE
LostCustomer,customerGender,NN,0.0009157131706973103,,,,COMPARE
LostCustomer,basktPurchCount12Month,NN,0.020322356385504184,,,,COMPARE
LostCustomer,intAdExposureCount12,NI,0.002110955374469399,,,,COMPARE
LostCustomer,intAdExposureCount36,NI,0.0016968488591009299,,,,COMPARE
LostCustomer,intAdExposureCountAll,NI,0.0012180020352633913,,,,COMPARE
LostCustomer,customerSubscrStat,NN,0.00027641316104030873,,,,COMPARE
LostCustomer,socialMediaAdCount12,NN,0.004130163892681958,,,,COMPARE
LostCustomer,socialMediaAdCount36,NI,0.01173017542400155,,,,COMPARE
LostCustomer,socialMediaAdCountAll,NI,0.0010374593983696408,,,,COMPARE
LostCustomer,totalNumProdPurchased,NI,0.003622591528030001,,,,COMPARE
LostCustomer,custInitiatedContacts,NN,0.002373112080287652,,,,COMPARE
LostCustomer,techSupportEval,NN,0.017736330955532023,,,,COMPARE
LostCustomer,wksSinceFirstPurch,NI,0.001872087178558256,,,,COMPARE
regionPctCustomers,numOfTotalReturns,IN,0.010531133913065904,,,,COMPARE
regionPctCustomers,wksSinceLastPurch,II,0.005591485750757393,0.06029969361572359,0.02605355632638046,0.01851232280527218,COMPARE
regionPctCustomers,customerGender,IN,0.0005849417369970958,,,,COMPARE
regionPctCustomers,basktPurchCount12Month,IN,0.007635778205719916,,,,COMPARE
regionPctCustomers,intAdExposureCount12,II,0.011023959182834293,-0.05347818707649098,0.03081159958404775,0.022603803269469373,COMPARE
regionPctCustomers,intAdExposureCount36,II,0.011546409162344609,0.03445547519416823,0.0732753699728383,0.05158229370666611,COMPARE
regionPctCustomers,intAdExposureCountAll,II,0.009795649020921284,0.043076410699551655,0.06525122152374158,0.045648381094625885,COMPARE
regionPctCustomers,customerSubscrStat,IN,0.004946773225406591,,,,COMPARE
regionPctCustomers,socialMediaAdCount12,IN,0.009832699180915989,,,,COMPARE
regionPctCustomers,socialMediaAdCount36,II,0.01602014834315872,0.1405445862893349,0.15861527938879613,0.1107802065004175,COMPARE
regionPctCustomers,socialMediaAdCountAll,II,0.008293075713417156,0.08041590084555363,0.09174815424717296,0.06398068782232433,COMPARE
regionPctCustomers,totalNumProdPurchased,II,0.010851033874973109,0.07697862322875824,0.10588216783368,0.07461152384524644,COMPARE
regionPctCustomers,custInitiatedContacts,IN,0.00830338823961584,,,,COMPARE
regionPctCustomers,techSupportEval,IN,0.007678309794491908,,,,COMPARE
regionPctCustomers,wksSinceFirstPurch,II,0.006390866698678975,0.0756245205273139,0.08175280930409533,0.05618616449995947,COMPARE
numOfTotalReturns,wksSinceLastPurch,NI,0.02545973841609234,,,,COMPARE
numOfTotalReturns,customerGender,NN,0.0020159237920022105,,,,COMPARE
numOfTotalReturns,basktPurchCount12Month,NN,0.31630607175959513,,,,COMPARE
numOfTotalReturns,intAdExposureCount12,NI,0.038928874326243285,,,,COMPARE
numOfTotalReturns,intAdExposureCount36,NI,0.05486888472271676,,,,COMPARE
numOfTotalReturns,intAdExposureCountAll,NI,0.05262955158365526,,,,COMPARE
numOfTotalReturns,customerSubscrStat,NN,0.07149341418365306,,,,COMPARE
numOfTotalReturns,socialMediaAdCount12,NN,0.0726522673398331,,,,COMPARE
numOfTotalReturns,socialMediaAdCount36,NI,0.24944279260767746,,,,COMPARE
numOfTotalReturns,socialMediaAdCountAll,NI,0.0638689316984058,,,,COMPARE
numOfTotalReturns,totalNumProdPurchased,NI,0.06616322014463799,,,,COMPARE
numOfTotalReturns,custInitiatedContacts,NN,0.19938529725220072,,,,COMPARE
numOfTotalReturns,techSupportEval,NN,0.16067201363659042,,,,COMPARE
numOfTotalReturns,wksSinceFirstPurch,NI,0.05262345876442211,,,,COMPARE
wksSinceLastPurch,customerGender,IN,0.002319471491772288,,,,COMPARE
wksSinceLastPurch,basktPurchCount12Month,IN,0.028749657022462006,,,,COMPARE
wksSinceLastPurch,intAdExposureCount12,II,0.13419546244603378,-0.5314409618835214,-0.41634045057905755,-0.3237789166907199,COMPARE
wksSinceLastPurch,intAdExposureCount36,II,0.0766204994396906,-0.2909545406225217,-0.18852927925054078,-0.13480828536338657,COMPARE
wksSinceLastPurch,intAdExposureCountAll,II,0.045458996267302466,-0.18297375830191287,-0.07139063701237676,-0.04680533056376523,COMPARE
wksSinceLastPurch,customerSubscrStat,IN,0.023475526098755268,,,,COMPARE
wksSinceLastPurch,socialMediaAdCount12,IN,0.09529779890986448,,,,COMPARE
wksSinceLastPurch,socialMediaAdCount36,II,0.04402850441922003,-0.19551949224584642,-0.13973078796469138,-0.10195984615417134,COMPARE
wksSinceLastPurch,socialMediaAdCountAll,II,0.02545976459859936,-0.10103194437411621,-0.0230691690705724,-0.015003220497356006,COMPARE
wksSinceLastPurch,totalNumProdPurchased,II,0.019387597342651636,-0.17356259482561617,-0.10480935154294278,-0.07471193927460959,COMPARE
wksSinceLastPurch,custInitiatedContacts,IN,0.010206665937752444,,,,COMPARE
wksSinceLastPurch,techSupportEval,IN,0.020059209293418465,,,,COMPARE
wksSinceLastPurch,wksSinceFirstPurch,II,0.016257410726901258,-0.003021117891292718,0.05544125956414057,0.04160818013654495,COMPARE
customerGender,basktPurchCount12Month,NN,0.001317594704773421,,,,COMPARE
customerGender,intAdExposureCount12,NI,0.004908918197811614,,,,COMPARE
customerGender,intAdExposureCount36,NI,0.0026724735787979274,,,,COMPARE
customerGender,intAdExposureCountAll,NI,0.0031427835828799822,,,,COMPARE
customerGender,customerSubscrStat,NN,0.0034842181120932087,,,,COMPARE
customerGender,socialMediaAdCount12,NN,0.005159006537690912,,,,COMPARE
customerGender,socialMediaAdCount36,NI,0.0024557586009108547,,,,COMPARE
customerGender,socialMediaAdCountAll,NI,0.002809571516022815,,,,COMPARE
customerGender,totalNumProdPurchased,NI,0.0030485456256195914,,,,COMPARE
customerGender,custInitiatedContacts,NN,0.0022372054449523292,,,,COMPARE
customerGender,techSupportEval,NN,0.002844807883379685,,,,COMPARE
customerGender,wksSinceFirstPurch,NI,0.0017656484423219515,,,,COMPARE
basktPurchCount12Month,intAdExposureCount12,NI,0.08711887670572827,,,,COMPARE
basktPurchCount12Month,intAdExposureCount36,NI,0.1016658751647085,,,,COMPARE
basktPurchCount12Month,intAdExposureCountAll,NI,0.08559159039858863,,,,COMPARE
basktPurchCount12Month,customerSubscrStat,NN,0.12934456008843973,,,,COMPARE
basktPurchCount12Month,socialMediaAdCount12,NN,0.1210155118482732,,,,COMPARE
basktPurchCount12Month,socialMediaAdCount36,NI,0.19514643470444132,,,,COMPARE
basktPurchCount12Month,socialMediaAdCountAll,NI,0.09075657764576042,,,,COMPARE
basktPurchCount12Month,totalNumProdPurchased,NI,0.09544306242944481,,,,COMPARE
basktPurchCount12Month,custInitiatedContacts,NN,0.14176483415270247,,,,COMPARE
basktPurchCount12Month,techSupportEval,NN,0.1652664678442243,,,,COMPARE
basktPurchCount12Month,wksSinceFirstPurch,NI,0.06920726365119072,,,,COMPARE
intAdExposureCount12,intAdExposureCount36,II,0.3475914726099769,0.7503365488039921,0.7813986823096627,0.6478731101579677,COMPARE
intAdExposureCount12,intAdExposureCountAll,II,0.17834396975738478,0.6362215546227172,0.6107086401029967,0.46802940059255477,COMPARE
intAdExposureCount12,customerSubscrStat,IN,0.14254362455824476,,,,COMPARE
intAdExposureCount12,socialMediaAdCount12,IN,0.35275129522132015,,,,COMPARE
intAdExposureCount12,socialMediaAdCount36,II,0.16228722003036783,0.34267834605752384,0.4953515656908385,0.3878611376769545,COMPARE
intAdExposureCount12,socialMediaAdCountAll,II,0.118972840212634,0.456025711161041,0.5212541948433556,0.3928335198394421,COMPARE
intAdExposureCount12,totalNumProdPurchased,II,0.07269092377018471,0.409537450099516,0.5113611325255251,0.3856594112211856,COMPARE
intAdExposureCount12,custInitiatedContacts,IN,0.06234611978399073,,,,COMPARE
intAdExposureCount12,techSupportEval,IN,0.05575932718499758,,,,COMPARE
intAdExposureCount12,wksSinceFirstPurch,II,0.05341241017538678,0.27376697759056995,0.36496114751839487,0.2607031705972433,COMPARE
intAdExposureCount36,intAdExposureCountAll,II,0.33445422658775553,0.8084474532753707,0.7863017025527501,0.6347463949117449,COMPARE
intAdExposureCount36,customerSubscrStat,IN,0.297884169171628,,,,COMPARE
intAdExposureCount36,socialMediaAdCount12,IN,0.2667429230117055,,,,COMPARE
intAdExposureCount36,socialMediaAdCount36,II,0.2787223439895555,0.6251048613251243,0.6296626820268525,0.5136071620588302,COMPARE
intAdExposureCount36,socialMediaAdCountAll,II,0.31184181361995117,0.7619799971463421,0.761385404379973,0.6100780685263221,COMPARE
intAdExposureCount36,totalNumProdPurchased,II,0.13448958125899566,0.5981961047160639,0.7131881857625071,0.5524437700294946,COMPARE
intAdExposureCount36,custInitiatedContacts,IN,0.13748269423501813,,,,COMPARE
intAdExposureCount36,techSupportEval,IN,0.0886883190353465,,,,COMPARE
intAdExposureCount36,wksSinceFirstPurch,II,0.18000381787808534,0.552520791923409,0.5980703049526009,0.43992724116969,COMPARE
intAdExposureCountAll,customerSubscrStat,IN,0.278823940564033,,,,COMPARE
intAdExposureCountAll,socialMediaAdCount12,IN,0.14574345330257704,,,,COMPARE
intAdExposureCountAll,socialMediaAdCount36,II,0.16619179803332831,0.45864257065858405,0.4423583675105059,0.3449743140641255,COMPARE
intAdExposureCountAll,socialMediaAdCountAll,II,0.6250242652612426,0.9463322836647582,0.9588213069150491,0.8748038543898529,COMPARE
intAdExposureCountAll,totalNumProdPurchased,II,0.30357058688463234,0.8237723966687648,0.898690181499999,0.7430847065545606,COMPARE
intAdExposureCountAll,custInitiatedContacts,IN,0.23372667829786903,,,,COMPARE
intAdExposureCountAll,techSupportEval,IN,0.1366415044567129,,,,COMPARE
intAdExposureCountAll,wksSinceFirstPurch,II,0.40743348833604953,0.8672729894159109,0.9061159583942463,0.7582798844379325,COMPARE
customerSubscrStat,socialMediaAdCount12,NN,0.21963839394228252,,,,COMPARE
customerSubscrStat,socialMediaAdCount36,NI,0.14238898373854741,,,,COMPARE
customerSubscrStat,socialMediaAdCountAll,NI,0.29192398063984354,,,,COMPARE
customerSubscrStat,totalNumProdPurchased,NI,0.1366152655758519,,,,COMPARE
customerSubscrStat,custInitiatedContacts,NN,0.2048827603428443,,,,COMPARE
customerSubscrStat,techSupportEval,NN,0.10444932332455176,,,,COMPARE
customerSubscrStat,wksSinceFirstPurch,NI,0.24355024742672648,,,,COMPARE
socialMediaAdCount12,socialMediaAdCount36,NI,0.2474893689364104,,,,COMPARE
socialMediaAdCount12,socialMediaAdCountAll,NI,0.15569970567405197,,,,COMPARE
socialMediaAdCount12,totalNumProdPurchased,NI,0.06349707346462366,,,,COMPARE
socialMediaAdCount12,custInitiatedContacts,NN,0.08935894162232781,,,,COMPARE
socialMediaAdCount12,techSupportEval,NN,0.07223558266358714,,,,COMPARE
socialMediaAdCount12,wksSinceFirstPurch,NI,0.07127041259934655,,,,COMPARE
socialMediaAdCount36,socialMediaAdCountAll,II,0.19053323461641772,0.5400425881068219,0.5096611826549178,0.3978775308750947,COMPARE
socialMediaAdCount36,totalNumProdPurchased,II,0.1062157951965244,0.5180338864231089,0.552557307625901,0.41379058774253574,COMPARE
socialMediaAdCount36,custInitiatedContacts,IN,0.14833010995019233,,,,COMPARE
socialMediaAdCount36,techSupportEval,IN,0.12238969444649966,,,,COMPARE
socialMediaAdCount36,wksSinceFirstPurch,II,0.09186515942905502,0.29747276255468913,0.31581761603343933,0.2342089593680227,COMPARE
socialMediaAdCountAll,totalNumProdPurchased,II,0.3199049154999679,0.8215521640207998,0.9037463099225267,0.7563581741353976,COMPARE
socialMediaAdCountAll,custInitiatedContacts,IN,0.27000345801260495,,,,COMPARE
socialMediaAdCountAll,techSupportEval,IN,0.15677396704762844,,,,COMPARE
socialMediaAdCountAll,wksSinceFirstPurch,II,0.4380977859161255,0.9041328882837311,0.9282108272350876,0.7947015774324284,COMPARE
totalNumProdPurchased,custInitiatedContacts,IN,0.3396884486543626,,,,COMPARE
totalNumProdPurchased,techSupportEval,IN,0.22650699617263537,,,,COMPARE
totalNumProdPurchased,wksSinceFirstPurch,II,0.23001177424789054,0.760576945021868,0.8572980333815495,0.6863239707343493,COMPARE
custInitiatedContacts,techSupportEval,NN,0.37779643789255773,,,,COMPARE
custInitiatedContacts,wksSinceFirstPurch,NI,0.22369089461778002,,,,COMPARE
techSupportEval,wksSinceFirstPurch,NI,0.12469872611645841,,,,COMPARE
ID,DemHomeOwner,IN,0.0004731379087691955,,,,DIFFERENCE
ID,LostCustomer,IN,-0.0016827563064211667,,,,DIFFERENCE
ID,regionPctCustomers,II,-0.006659569527655451,0.021720976388824406,0.01875704375153857,0.012126246478741085,DIFFERENCE
ID,numOfTotalReturns,IN,-0.0031786981624419286,,,,DIFFERENCE
ID,wksSinceLastPurch,II,-0.0024686107574125177,0.014743431083260154,-0.018071152447849584,-0.014168997803371188,DIFFERENCE
ID,customerGender,IN,0.00014122728328242688,,,,DIFFERENCE
ID,basktPurchCount12Month,IN,-0.001662556391617248,,,,DIFFERENCE
ID,intAdExposureCount12,II,-0.01803601209104294,0.00718161238147258,0.015342916781111549,0.01423682194328535,DIFFERENCE
ID,intAdExposureCount36,II,-0.013739302389491365,0.004723926937620637,0.018399250688656443,0.014140193503786674,DIFFERENCE
ID,intAdExposureCountAll,II,-0.01878416168911401,0.009965569397702212,0.01604413423671469,0.010057666984422398,DIFFERENCE
ID,customerSubscrStat,IN,-0.006763999377025598,,,,DIFFERENCE
ID,socialMediaAdCount12,IN,-0.006106063571432341,,,,DIFFERENCE
ID,socialMediaAdCount36,II,-0.03098377219658975,-0.0006458757358177303,0.011669414967877212,0.00960208704437604,DIFFERENCE
ID,socialMediaAdCountAll,II,-0.013347983535503871,0.012264901147367668,0.014104222298012448,0.008379268104421439,DIFFERENCE
ID,totalNumProdPurchased,II,-0.00948142438248771,0.0036693968450226544,0.0059161036045053406,0.003323485032188156,DIFFERENCE
ID,custInitiatedContacts,IN,-0.007991950637284966,,,,DIFFERENCE
ID,techSupportEval,IN,-0.006274430235087405,,,,DIFFERENCE
ID,wksSinceFirstPurch,II,-0.01929804830229763,0.005265938251755087,0.003900552977491284,0.0007098975552382314,DIFFERENCE
DemHomeOwner,LostCustomer,NN,0.0001583152548803711,,,,DIFFERENCE
DemHomeOwner,regionPctCustomers,NI,0.0013483482632248834,,,,DIFFERENCE
DemHomeOwner,numOfTotalReturns,NN,-0.0006440733827283873,,,,DIFFERENCE
DemHomeOwner,wksSinceLastPurch,NI,-0.000641710334544827,,,,DIFFERENCE
DemHomeOwner,customerGender,NN,-0.0011965959642424862,,,,DIFFERENCE
DemHomeOwner,basktPurchCount12Month,NN,-0.00046245603164697365,,,,DIFFERENCE
DemHomeOwner,intAdExposureCount12,NI,-0.0019714803646843707,,,,DIFFERENCE
DemHomeOwner,intAdExposureCount36,NI,-0.0017299489763415938,,,,DIFFERENCE
DemHomeOwner,intAdExposureCountAll,NI,-0.00047311934327489216,,,,DIFFERENCE
DemHomeOwner,customerSubscrStat,NN,-0.00047383654971280137,,,,DIFFERENCE
DemHomeOwner,socialMediaAdCount12,NN,-2.296407552685592e-05,,,,DIFFERENCE
DemHomeOwner,socialMediaAdCount36,NI,-0.0005399416624853877,,,,DIFFERENCE
DemHomeOwner,socialMediaAdCountAll,NI,-0.00047094401786604463,,,,DIFFERENCE
DemHomeOwner,totalNumProdPurchased,NI,-5.878669368921232e-05,,,,DIFFERENCE
DemHomeOwner,custInitiatedContacts,NN,-0.0010346565576598277,,,,DIFFERENCE
DemHomeOwner,techSupportEval,NN,-0.00012083383350120175,,,,DIFFERENCE
DemHomeOwner,wksSinceFirstPurch,NI,0.00020570722914530566,,,,DIFFERENCE
LostCustomer,regionPctCustomers,NI,-6.631863469133974e-05,,,,DIFFERENCE
LostCustomer,numOfTotalReturns,NN,0.002295192638383455,,,,DIFFERENCE
LostCustomer,wksSinceLastPurch,NI,0.0015358150793937887,,,,DIFFERENCE
LostCustomer,customerGender,NN,-0.000572952767706959,,,,DIFFERENCE
LostCustomer,basktPurchCount12Month,NN,-0.00043748718745987084,,,,DIFFERENCE
LostCustomer,intAdExposureCount12,NI,0.0008833148186748159,,,,DIFFERENCE
LostCustomer,intAdExposureCount36,NI,0.0036161233718622733,,,,DIFFERENCE
LostCustomer,intAdExposureCountAll,NI,-0.00019631355936070645,,,,DIFFERENCE
LostCustomer,customerSubscrStat,NN,0.00045624350111518917,,,,DIFFERENCE
LostCustomer,socialMediaAdCount12,NN,-2.235276020918185e-05,,,,DIFFERENCE
LostCustomer,socialMediaAdCount36,NI,0.0018568528939062814,,,,DIFFERENCE
LostCustomer,socialMediaAdCountAll,NI,0.00243833165392093,,,,DIFFERENCE
LostCustomer,totalNumProdPurchased,NI,0.0020483586228256232,,,,DIFFERENCE
LostCustomer,custInitiatedContacts,NN,0.0029180725117001435,,,,DIFFERENCE
LostCustomer,techSupportEval,NN,0.0012032313291895635,,,,DIFFERENCE
LostCustomer,wksSinceFirstPurch,NI,-0.00012894407606420417,,,,DIFFERENCE
regionPctCustomers,numOfTotalReturns,IN,-0.0013763412679175472,,,,DIFFERENCE
regionPctCustomers,wksSinceLastPurch,II,0.0013060344582640198,-0.006153007659787234,0.00014952045817062665,0.00011700180389554588,DIFFERENCE
regionPctCustomers,customerGender,IN,0.0006882834052683369,,,,DIFFERENCE
regionPctCustomers,basktPurchCount12Month,IN,-0.0017043173815280482,,,,DIFFERENCE
regionPctCustomers,intAdExposureCount12,II,0.001168714257665614,-0.007643751328657168,-0.010612516301911797,-0.007429989678689601,DIFFERENCE
regionPctCustomers,intAdExposureCount36,II,0.0003209490033336936,-0.022254617035173823,-0.019955055707368045,-0.013787077499521329,DIFFERENCE
regionPctCustomers,intAdExposureCountAll,II,-0.001316374561723354,-0.025680796439595414,-0.01803386598213822,-0.012696858984856563,DIFFERENCE
regionPctCustomers,customerSubscrStat,IN,-0.000402066248133018,,,,DIFFERENCE
regionPctCustomers,socialMediaAdCount12,IN,-0.0002724668615294492,,,,DIFFERENCE
regionPctCustomers,socialMediaAdCount36,II,-0.006040163483725443,-0.04900262579532126,-0.045833551258152416,-0.03111902044245876,DIFFERENCE
regionPctCustomers,socialMediaAdCountAll,II,-0.0014416789658483215,-0.029569702984529662,-0.022623911250707632,-0.016016445401912376,DIFFERENCE
regionPctCustomers,totalNumProdPurchased,II,-0.001821580924721412,-0.033925377405618906,-0.02595709578815031,-0.01836934363908785,DIFFERENCE
regionPctCustomers,custInitiatedContacts,IN,-0.0009753924816034631,,,,DIFFERENCE
regionPctCustomers,techSupportEval,IN,-0.0008262373369516138,,,,DIFFERENCE
regionPctCustomers,wksSinceFirstPurch,II,-0.0010667765071262804,-0.0246669928228262,-0.01641875992349484,-0.011531508295911673,DIFFERENCE
numOfTotalReturns,wksSinceLastPurch,NI,0.023810261150728432,,,,DIFFERENCE
numOfTotalReturns,customerGender,NN,-0.0002239552298374844,,,,DIFFERENCE
numOfTotalReturns,basktPurchCount12Month,NN,0.002572757796103109,,,,DIFFERENCE
numOfTotalReturns,intAdExposureCount12,NI,0.006086133292487882,,,,DIFFERENCE
numOfTotalReturns,intAdExposureCount36,NI,0.0040067654636243705,,,,DIFFERENCE
numOfTotalReturns,intAdExposureCountAll,NI,0.002126599442061547,,,,DIFFERENCE
numOfTotalReturns,customerSubscrStat,NN,-0.00339869391535004,,,,DIFFERENCE
numOfTotalReturns,socialMediaAdCount12,NN,-0.004206414723509258,,,,DIFFERENCE
numOfTotalReturns,socialMediaAdCount36,NI,0.026447842405961014,,,,DIFFERENCE
numOfTotalReturns,socialMediaAdCountAll,NI,0.003282407682078284,,,,DIFFERENCE
numOfTotalReturns,totalNumProdPurchased,NI,0.010000811047435582,,,,DIFFERENCE
numOfTotalReturns,custInitiatedContacts,NN,-0.0014690708992387835,,,,DIFFERENCE
numOfTotalReturns,techSupportEval,NN,0.0008690997673010126,,,,DIFFERENCE
numOfTotalReturns,wksSinceFirstPurch,NI,-0.016723447637401703,,,,DIFFERENCE
wksSinceLastPurch,customerGender,IN,0.0006615477605355579,,,,DIFFERENCE
wksSinceLastPurch,basktPurchCount12Month,IN,0.003611989571503358,,,,DIFFERENCE
wksSinceLastPurch,intAdExposureCount12,II,0.0017603602568710408,0.035472657518160866,0.024478744689314602,0.019582644122594417,DIFFERENCE
wksSinceLastPurch,intAdExposureCount36,II,0.0018545887735097744,0.026442801828165607,0.0249378170140635,0.015562211429772183,DIFFERENCE
wksSinceLastPurch,intAdExposureCountAll,II,-0.00020842234872253673,0.02956703131025712,0.028511236616004673,0.01814473104827923,DIFFERENCE
wksSinceLastPurch,customerSubscrStat,IN,0.015684857745487956,,,,DIFFERENCE
wksSinceLastPurch,socialMediaAdCount12,IN,0.009058687324096107,,,,DIFFERENCE
wksSinceLastPurch,socialMediaAdCount36,II,0.0030947157547675033,0.03214117864573718,0.022911886941259826,0.01669133580214699,DIFFERENCE
wksSinceLastPurch,socialMediaAdCountAll,II,0.005129876629176366,0.02531775650897232,0.02409328660217626,0.015891178733283978,DIFFERENCE
wksSinceLastPurch,totalNumProdPurchased,II,-0.0008532723406171165,0.03301777510894452,0.016527787288102752,0.011051866034850005,DIFFERENCE
wksSinceLastPurch,custInitiatedContacts,IN,0.00018737130785992893,,,,DIFFERENCE
wksSinceLastPurch,techSupportEval,IN,-0.0010632776149273257,,,,DIFFERENCE
wksSinceLastPurch,wksSinceFirstPurch,II,0.004241910407924383,0.011864716229737667,0.01415102808134077,0.010854725362694828,DIFFERENCE
customerGender,basktPurchCount12Month,NN,-0.0006181432018776093,,,,DIFFERENCE
customerGender,intAdExposureCount12,NI,0.00017263002051727365,,,,DIFFERENCE
customerGender,intAdExposureCount36,NI,0.002093038194710149,,,,DIFFERENCE
customerGender,intAdExposureCountAll,NI,-0.0001776455917574765,,,,DIFFERENCE
customerGender,customerSubscrStat,NN,0.002417173444881628,,,,DIFFERENCE
customerGender,socialMediaAdCount12,NN,0.00106835467492521,,,,DIFFERENCE
customerGender,socialMediaAdCount36,NI,-0.0010480548317918085,,,,DIFFERENCE
customerGender,socialMediaAdCountAll,NI,-0.00021313565331551295,,,,DIFFERENCE
customerGender,totalNumProdPurchased,NI,-0.0006251487962852724,,,,DIFFERENCE
customerGender,custInitiatedContacts,NN,-0.0010280513059580897,,,,DIFFERENCE
customerGender,techSupportEval,NN,-0.0002594132764521225,,,,DIFFERENCE
customerGender,wksSinceFirstPurch,NI,0.00012103091698779911,,,,DIFFERENCE
basktPurchCount12Month,intAdExposureCount12,NI,0.01406928466726988,,,,DIFFERENCE
basktPurchCount12Month,intAdExposureCount36,NI,0.012549409209567916,,,,DIFFERENCE
basktPurchCount12Month,intAdExposureCountAll,NI,0.013802607165909642,,,,DIFFERENCE
basktPurchCount12Month,customerSubscrStat,NN,-0.005591488813574491,,,,DIFFERENCE
basktPurchCount12Month,socialMediaAdCount12,NN,-0.003447554605981007,,,,DIFFERENCE
basktPurchCount12Month,socialMediaAdCount36,NI,0.028290574168083782,,,,DIFFERENCE
basktPurchCount12Month,socialMediaAdCountAll,NI,0.017113594420401793,,,,DIFFERENCE
basktPurchCount12Month,totalNumProdPurchased,NI,0.015019392802976164,,,,DIFFERENCE
basktPurchCount12Month,custInitiatedContacts,NN,0.0012605409422767888,,,,DIFFERENCE
basktPurchCount12Month,techSupportEval,NN,0.006522284374319759,,,,DIFFERENCE
basktPurchCount12Month,wksSinceFirstPurch,NI,-0.03258746375940399,,,,DIFFERENCE
intAdExposureCount12,intAdExposureCount36,II,0.022356091205236295,-0.0002957867798709657,-0.0023855917486366174,-0.002493822012760938,DIFFERENCE
intAdExposureCount12,intAdExposureCountAll,II,-0.011487077090346354,-0.023346702142487352,-0.017645106896737928,-0.017130190706364568,DIFFERENCE
intAdExposureCount12,customerSubscrStat,IN,0.00531501019707345,,,,DIFFERENCE
intAdExposureCount12,socialMediaAdCount12,IN,0.05939002992494419,,,,DIFFERENCE
intAdExposureCount12,socialMediaAdCount36,II,-0.0018549857734973807,-0.009767932040920746,-0.008069330851637968,-0.007876855732954602,DIFFERENCE
intAdExposureCount12,socialMediaAdCountAll,II,-0.006435606686730655,-0.025637271767153802,-0.013842649947341967,-0.013278674456044137,DIFFERENCE
intAdExposureCount12,totalNumProdPurchased,II,-0.003962265730229286,-0.043875848419860086,-0.021054166424408383,-0.018452591806466412,DIFFERENCE
intAdExposureCount12,custInitiatedContacts,IN,0.00750075694664188,,,,DIFFERENCE
intAdExposureCount12,techSupportEval,IN,0.008362559210796351,,,,DIFFERENCE
intAdExposureCount12,wksSinceFirstPurch,II,-0.0027204282952815184,-0.02452287748055154,-0.021596389449412445,-0.01738337548505145,DIFFERENCE
intAdExposureCount36,intAdExposureCountAll,II,-0.017298889894974245,-0.015893147227511784,-0.020575133236776066,-0.019282082344142748,DIFFERENCE
intAdExposureCount36,customerSubscrStat,IN,0.003905746095692386,,,,DIFFERENCE
intAdExposureCount36,socialMediaAdCount12,IN,0.029685661251191653,,,,DIFFERENCE
intAdExposureCount36,socialMediaAdCount36,II,0.015640632302599045,-0.010457783381414676,0.008450697542090047,0.012154935249661936,DIFFERENCE
intAdExposureCount36,socialMediaAdCountAll,II,-0.023277260924335352,-0.02548724970380667,-0.02176102736947283,-0.021243724652005858,DIFFERENCE
intAdExposureCount36,totalNumProdPurchased,II,-0.009286127876108718,-0.04444957461079668,-0.017753844604694313,-0.015862163173584243,DIFFERENCE
intAdExposureCount36,custInitiatedContacts,IN,-0.00010710320218862424,,,,DIFFERENCE
intAdExposureCount36,techSupportEval,IN,0.005369287556761734,,,,DIFFERENCE
intAdExposureCount36,wksSinceFirstPurch,II,-0.016942752021838342,-0.02998761784568893,-0.029226130758313706,-0.025840459449975317,DIFFERENCE
intAdExposureCountAll,customerSubscrStat,IN,0.021817986597273575,,,,DIFFERENCE
intAdExposureCountAll,socialMediaAdCount12,IN,0.004746271882953457,,,,DIFFERENCE
intAdExposureCountAll,socialMediaAdCount36,II,0.0019784654559902026,-0.0017192543389774606,0.004110858031255993,0.0052283087580125565,DIFFERENCE
intAdExposureCountAll,socialMediaAdCountAll,II,-0.01565689551606042,-0.00036970686625303895,0.0014023696937037755,-0.0040729394115553985,DIFFERENCE
intAdExposureCountAll,totalNumProdPurchased,II,-0.012581677434564287,-0.02699817660821069,-0.006881851846197606,-0.008571435249378645,DIFFERENCE
intAdExposureCountAll,custInitiatedContacts,IN,0.02483818746344546,,,,DIFFERENCE
intAdExposureCountAll,techSupportEval,IN,0.004694484914540553,,,,DIFFERENCE
intAdExposureCountAll,wksSinceFirstPurch,II,0.0013103269358076264,-0.0072296613091809014,-0.003287458213515504,-0.009416672462355336,DIFFERENCE
customerSubscrStat,socialMediaAdCount12,NN,-0.004375300307633556,,,,DIFFERENCE
customerSubscrStat,socialMediaAdCount36,NI,0.0027222406263723298,,,,DIFFERENCE
customerSubscrStat,socialMediaAdCountAll,NI,0.023096219517216132,,,,DIFFERENCE
customerSubscrStat,totalNumProdPurchased,NI,-0.007279839891514872,,,,DIFFERENCE
customerSubscrStat,custInitiatedContacts,NN,-0.0064699810486951725,,,,DIFFERENCE
customerSubscrStat,techSupportEval,NN,-0.005848112610690598,,,,DIFFERENCE
customerSubscrStat,wksSinceFirstPurch,NI,-0.012938808057354811,,,,DIFFERENCE
socialMediaAdCount12,socialMediaAdCount36,NI,0.04004514968627612,,,,DIFFERENCE
socialMediaAdCount12,socialMediaAdCountAll,NI,0.007911724575497742,,,,DIFFERENCE
socialMediaAdCount12,totalNumProdPurchased,NI,0.002958572149561342,,,,DIFFERENCE
socialMediaAdCount12,custInitiatedContacts,NN,-0.0007257377138139287,,,,DIFFERENCE
socialMediaAdCount12,techSupportEval,NN,-0.0014142742435133693,,,,DIFFERENCE
socialMediaAdCount12,wksSinceFirstPurch,NI,-0.004886418237050022,,,,DIFFERENCE
socialMediaAdCount36,socialMediaAdCountAll,II,0.011423862344362407,-0.01070183729831542,-0.0012857170105223803,0.004689750173936691,DIFFERENCE
socialMediaAdCount36,totalNumProdPurchased,II,0.005535125025394785,-0.021494650922326386,-0.0023756829824530534,0.0021365142390447622,DIFFERENCE
socialMediaAdCount36,custInitiatedContacts,IN,0.02088477763348881,,,,DIFFERENCE
socialMediaAdCount36,techSupportEval,IN,0.025522552251399683,,,,DIFFERENCE
socialMediaAdCount36,wksSinceFirstPurch,II,-0.020741081612646012,-0.006297254852093537,-0.006168563354683854,-0.002579785818792202,DIFFERENCE
socialMediaAdCountAll,totalNumProdPurchased,II,-0.010446440409969893,-0.02385007632102576,-0.006293048107551269,-0.007627889050494829,DIFFERENCE
socialMediaAdCountAll,custInitiatedContacts,IN,0.029550076375887246,,,,DIFFERENCE
socialMediaAdCountAll,techSupportEval,IN,0.006106067828860529,,,,DIFFERENCE
socialMediaAdCountAll,wksSinceFirstPurch,II,0.015193878207706013,-0.005413813104151677,-0.005201537170651083,-0.011076689170289922,DIFFERENCE
totalNumProdPurchased,custInitiatedContacts,IN,0.042801195434782224,,,,DIFFERENCE
totalNumProdPurchased,techSupportEval,IN,0.010340451355595137,,,,DIFFERENCE
totalNumProdPurchased,wksSinceFirstPurch,II,0.022052057234107136,-0.029946231129462264,-0.008165461258438866,-0.008833960936385887,DIFFERENCE
custInitiatedContacts,techSupportEval,NN,-0.012863477042964255,,,,DIFFERENCE
custInitiatedContacts,wksSinceFirstPurch,NI,0.026192529699430478,,,,DIFFERENCE
techSupportEval,wksSinceFirstPurch,NI,0.011348978808497168,,,,DIFFERENCE
